1#Manav Patel#101 Hellen Keller BLVD#mppatel6@crimson.ua.edu#False
2#Carson Miller#Jack Warner#cmiller@crimson.ua.edu#False
3#Chase Callahan#15th Street#chase@crimson.ua.edu#False
4#Zeb Rafay#13th Street#zrafay@crimson.ua.edu#False
5#Ellie Dockery#Hackleberry Lane#edockery@crimson.ua.edu#False
6#Jeff Lucas#100th Goat Street#jlucas@crimson.ua.edu#False
7#Jacob Solanto#10th Street#jsolanto@crimson.ua.edu#False
8#Mattie Bryant#TA Street#mbryant@crimson.ua.edu#False
9#Alex Collins#6th TA Street#acollins@crimson.ua.edu#False
10#Matt Gentile#92 2nd Street#mngentile@crimson.ua.edu#False
11#Ohm Patel#101 Hellen Keller BLVD#opatel6@crimson.ua.edu#False
12#Wagner Osborn#10th Cookie Street#wosborn@crimson.ua.edu#False
13#Julio Jones#15th Peach Street#jjones@crimson.ua.edu#False
14#Sam Morris#12th Country Road#smorris@crimson.ua.edu#False
15#Ted Mosby#101 HIMYM ST#tmosby@gmail.com#False
16#Marshall Erikson#102 HIMYM ST #merikson@crimson.ua.edu#False
17#Barney Stinson#103 HIMYM ST#bstinson@crimson.ua.edu#False
